session,region
16c3667b-e0ea-43fb-9ad4-8dcd1e6c40e1,CS
16c3667b-e0ea-43fb-9ad4-8dcd1e6c40e1,MRN
16c3667b-e0ea-43fb-9ad4-8dcd1e6c40e1,PAG
16c3667b-e0ea-43fb-9ad4-8dcd1e6c40e1,PRNr
16c3667b-e0ea-43fb-9ad4-8dcd1e6c40e1,SCm
16c3667b-e0ea-43fb-9ad4-8dcd1e6c40e1,SCs
cde63527-7f5a-4cc3-8ac2-215d82e7da26,AIp
cde63527-7f5a-4cc3-8ac2-215d82e7da26,CA1
cde63527-7f5a-4cc3-8ac2-215d82e7da26,CA2
cde63527-7f5a-4cc3-8ac2-215d82e7da26,CA3
cde63527-7f5a-4cc3-8ac2-215d82e7da26,GU
cde63527-7f5a-4cc3-8ac2-215d82e7da26,SSp-m
cde63527-7f5a-4cc3-8ac2-215d82e7da26,SSs
cde63527-7f5a-4cc3-8ac2-215d82e7da26,VISC
37ac03f1-9831-4a30-90fc-a59e635b98bd,DG
37ac03f1-9831-4a30-90fc-a59e635b98bd,Eth
37ac03f1-9831-4a30-90fc-a59e635b98bd,LP
37ac03f1-9831-4a30-90fc-a59e635b98bd,PCN
37ac03f1-9831-4a30-90fc-a59e635b98bd,PH
37ac03f1-9831-4a30-90fc-a59e635b98bd,PO
37ac03f1-9831-4a30-90fc-a59e635b98bd,VPMpc
ee8b36de-779f-4dea-901f-e0141c95722b,ACB
ee8b36de-779f-4dea-901f-e0141c95722b,CP
ee8b36de-779f-4dea-901f-e0141c95722b,LSc
ee8b36de-779f-4dea-901f-e0141c95722b,MOp
ee8b36de-779f-4dea-901f-e0141c95722b,MOs
ee8b36de-779f-4dea-901f-e0141c95722b,OT
ee8b36de-779f-4dea-901f-e0141c95722b,SI
dd87e278-999d-478b-8cbd-b5bf92b84763,MRN
dd87e278-999d-478b-8cbd-b5bf92b84763,PRNr
dd87e278-999d-478b-8cbd-b5bf92b84763,RR
dd87e278-999d-478b-8cbd-b5bf92b84763,SCm
dd87e278-999d-478b-8cbd-b5bf92b84763,SCs
dd87e278-999d-478b-8cbd-b5bf92b84763,TRN
a92c4b1d-46bd-457e-a1f4-414265f0e2d4,ACAd
a92c4b1d-46bd-457e-a1f4-414265f0e2d4,ACAv
a92c4b1d-46bd-457e-a1f4-414265f0e2d4,APN
a92c4b1d-46bd-457e-a1f4-414265f0e2d4,LSc
a92c4b1d-46bd-457e-a1f4-414265f0e2d4,LSr
a92c4b1d-46bd-457e-a1f4-414265f0e2d4,LSv
a92c4b1d-46bd-457e-a1f4-414265f0e2d4,MOs
a92c4b1d-46bd-457e-a1f4-414265f0e2d4,MRN
a92c4b1d-46bd-457e-a1f4-414265f0e2d4,MS
a92c4b1d-46bd-457e-a1f4-414265f0e2d4,NOT
a92c4b1d-46bd-457e-a1f4-414265f0e2d4,SNc
a92c4b1d-46bd-457e-a1f4-414265f0e2d4,SNr
a92c4b1d-46bd-457e-a1f4-414265f0e2d4,SPF
a92c4b1d-46bd-457e-a1f4-414265f0e2d4,SUB
6ab9d98c-b1e9-4574-b8fe-b9eec88097e0,MRN
6ab9d98c-b1e9-4574-b8fe-b9eec88097e0,POST
6ab9d98c-b1e9-4574-b8fe-b9eec88097e0,SCm
6ab9d98c-b1e9-4574-b8fe-b9eec88097e0,VISp
4546cd60-fa2a-4d20-a9b6-d091e01d16f2,BST
4546cd60-fa2a-4d20-a9b6-d091e01d16f2,CP
85dc2ebd-8aaf-46b0-9284-a197aee8b16f,APN
85dc2ebd-8aaf-46b0-9284-a197aee8b16f,MRN
85dc2ebd-8aaf-46b0-9284-a197aee8b16f,RN
85dc2ebd-8aaf-46b0-9284-a197aee8b16f,SCm
85dc2ebd-8aaf-46b0-9284-a197aee8b16f,SUB
85dc2ebd-8aaf-46b0-9284-a197aee8b16f,VISp
85dc2ebd-8aaf-46b0-9284-a197aee8b16f,VISpm
a34b4013-414b-42ed-9318-e93fbbc71e7b,CL
a34b4013-414b-42ed-9318-e93fbbc71e7b,DG
a34b4013-414b-42ed-9318-e93fbbc71e7b,LP
a34b4013-414b-42ed-9318-e93fbbc71e7b,PCN
a34b4013-414b-42ed-9318-e93fbbc71e7b,PH
a34b4013-414b-42ed-9318-e93fbbc71e7b,VM
a34b4013-414b-42ed-9318-e93fbbc71e7b,VPMpc
bb6a5aae-2431-401d-8f6a-9fdd6de655a9,CA1
bb6a5aae-2431-401d-8f6a-9fdd6de655a9,DG
bb6a5aae-2431-401d-8f6a-9fdd6de655a9,LH
bb6a5aae-2431-401d-8f6a-9fdd6de655a9,MD
bb6a5aae-2431-401d-8f6a-9fdd6de655a9,RSPagl
bb6a5aae-2431-401d-8f6a-9fdd6de655a9,VISa
3663d82b-f197-4e8b-b299-7b803a155b84,COAp
3663d82b-f197-4e8b-b299-7b803a155b84,LD
3663d82b-f197-4e8b-b299-7b803a155b84,MEA
3663d82b-f197-4e8b-b299-7b803a155b84,PA
3663d82b-f197-4e8b-b299-7b803a155b84,RT
3663d82b-f197-4e8b-b299-7b803a155b84,SSp-un
3663d82b-f197-4e8b-b299-7b803a155b84,VPL
3663d82b-f197-4e8b-b299-7b803a155b84,VPM
3663d82b-f197-4e8b-b299-7b803a155b84,ZI
90d1e82c-c96f-496c-ad4e-ee3f02067f25,MRN
90d1e82c-c96f-496c-ad4e-ee3f02067f25,SCm
90d1e82c-c96f-496c-ad4e-ee3f02067f25,SUB
90d1e82c-c96f-496c-ad4e-ee3f02067f25,VISp
4720c98a-a305-4fba-affb-bbfa00a724a4,ACAv
4720c98a-a305-4fba-affb-bbfa00a724a4,ACB
4720c98a-a305-4fba-affb-bbfa00a724a4,CP
4720c98a-a305-4fba-affb-bbfa00a724a4,LPO
4720c98a-a305-4fba-affb-bbfa00a724a4,LSr
4720c98a-a305-4fba-affb-bbfa00a724a4,LSv
4720c98a-a305-4fba-affb-bbfa00a724a4,RT
4720c98a-a305-4fba-affb-bbfa00a724a4,SH
4720c98a-a305-4fba-affb-bbfa00a724a4,SI
4720c98a-a305-4fba-affb-bbfa00a724a4,SSp-bfd
4720c98a-a305-4fba-affb-bbfa00a724a4,VPL
837b4e6a-ccfd-49b0-a1dd-3aa53fbf2ecb,LHA
837b4e6a-ccfd-49b0-a1dd-3aa53fbf2ecb,LPO
7622da34-51b6-4661-98ae-a57d40806008,ACB
7622da34-51b6-4661-98ae-a57d40806008,CP
7622da34-51b6-4661-98ae-a57d40806008,LSv
7622da34-51b6-4661-98ae-a57d40806008,OT
7622da34-51b6-4661-98ae-a57d40806008,RT
7622da34-51b6-4661-98ae-a57d40806008,SI
7622da34-51b6-4661-98ae-a57d40806008,SSp-ul
54238fd6-d2d0-4408-b1a9-d19d24fd29ce,CA1
54238fd6-d2d0-4408-b1a9-d19d24fd29ce,CA3
54238fd6-d2d0-4408-b1a9-d19d24fd29ce,DG
54238fd6-d2d0-4408-b1a9-d19d24fd29ce,LGd
54238fd6-d2d0-4408-b1a9-d19d24fd29ce,LP
54238fd6-d2d0-4408-b1a9-d19d24fd29ce,MRN
54238fd6-d2d0-4408-b1a9-d19d24fd29ce,PPN
54238fd6-d2d0-4408-b1a9-d19d24fd29ce,PRNr
54238fd6-d2d0-4408-b1a9-d19d24fd29ce,SCm
54238fd6-d2d0-4408-b1a9-d19d24fd29ce,SOC
54238fd6-d2d0-4408-b1a9-d19d24fd29ce,VISa
54238fd6-d2d0-4408-b1a9-d19d24fd29ce,VPL
54238fd6-d2d0-4408-b1a9-d19d24fd29ce,VPM
54238fd6-d2d0-4408-b1a9-d19d24fd29ce,ZI
1dbba733-24a4-4400-9436-53f1bd8428e8,APr
1dbba733-24a4-4400-9436-53f1bd8428e8,ENTl
1dbba733-24a4-4400-9436-53f1bd8428e8,ENTm
1dbba733-24a4-4400-9436-53f1bd8428e8,P5
1dbba733-24a4-4400-9436-53f1bd8428e8,PAR
1dbba733-24a4-4400-9436-53f1bd8428e8,PB
1dbba733-24a4-4400-9436-53f1bd8428e8,POST
1dbba733-24a4-4400-9436-53f1bd8428e8,PRE
1dbba733-24a4-4400-9436-53f1bd8428e8,SOC
1dbba733-24a4-4400-9436-53f1bd8428e8,SUB
1dbba733-24a4-4400-9436-53f1bd8428e8,SUT
1dbba733-24a4-4400-9436-53f1bd8428e8,V
1dbba733-24a4-4400-9436-53f1bd8428e8,VISp
1dbba733-24a4-4400-9436-53f1bd8428e8,VISpl
03d9a098-07bf-4765-88b7-85f8d8f620cc,APN
03d9a098-07bf-4765-88b7-85f8d8f620cc,DG
03d9a098-07bf-4765-88b7-85f8d8f620cc,MRN
03d9a098-07bf-4765-88b7-85f8d8f620cc,ProS
03d9a098-07bf-4765-88b7-85f8d8f620cc,SNc
03d9a098-07bf-4765-88b7-85f8d8f620cc,SUB
4b00df29-3769-43be-bb40-128b1cba6d35,CA1
4b00df29-3769-43be-bb40-128b1cba6d35,CA3
4b00df29-3769-43be-bb40-128b1cba6d35,DG
4b00df29-3769-43be-bb40-128b1cba6d35,HATA
4b00df29-3769-43be-bb40-128b1cba6d35,LGd
4b00df29-3769-43be-bb40-128b1cba6d35,LP
4b00df29-3769-43be-bb40-128b1cba6d35,MG
4b00df29-3769-43be-bb40-128b1cba6d35,PA
4b00df29-3769-43be-bb40-128b1cba6d35,PIL
4b00df29-3769-43be-bb40-128b1cba6d35,PO
4b00df29-3769-43be-bb40-128b1cba6d35,PP
4b00df29-3769-43be-bb40-128b1cba6d35,SGN
4b00df29-3769-43be-bb40-128b1cba6d35,VISa
4b00df29-3769-43be-bb40-128b1cba6d35,VPM
fb70ebf7-8175-42b0-9b7a-7c6e8612226e,ACAd
fb70ebf7-8175-42b0-9b7a-7c6e8612226e,DP
fb70ebf7-8175-42b0-9b7a-7c6e8612226e,ILA
fb70ebf7-8175-42b0-9b7a-7c6e8612226e,MOs
fb70ebf7-8175-42b0-9b7a-7c6e8612226e,PL
fb70ebf7-8175-42b0-9b7a-7c6e8612226e,TTd
360eac0c-7d2d-4cc1-9dcf-79fc7afc56e7,ACB
360eac0c-7d2d-4cc1-9dcf-79fc7afc56e7,AON
360eac0c-7d2d-4cc1-9dcf-79fc7afc56e7,CP
360eac0c-7d2d-4cc1-9dcf-79fc7afc56e7,FRP
360eac0c-7d2d-4cc1-9dcf-79fc7afc56e7,MOs
360eac0c-7d2d-4cc1-9dcf-79fc7afc56e7,ORBl
360eac0c-7d2d-4cc1-9dcf-79fc7afc56e7,OT
360eac0c-7d2d-4cc1-9dcf-79fc7afc56e7,SI
83e77b4b-dfa0-4af9-968b-7ea0c7a0c7e4,CA1
83e77b4b-dfa0-4af9-968b-7ea0c7a0c7e4,CA3
83e77b4b-dfa0-4af9-968b-7ea0c7a0c7e4,DG
83e77b4b-dfa0-4af9-968b-7ea0c7a0c7e4,LGd
83e77b4b-dfa0-4af9-968b-7ea0c7a0c7e4,ProS
83e77b4b-dfa0-4af9-968b-7ea0c7a0c7e4,TR
83e77b4b-dfa0-4af9-968b-7ea0c7a0c7e4,VISp
83e77b4b-dfa0-4af9-968b-7ea0c7a0c7e4,VISrl
83e77b4b-dfa0-4af9-968b-7ea0c7a0c7e4,ZI
0cbeae00-e229-4b7d-bdcc-1b0569d7e0c3,CA1
0cbeae00-e229-4b7d-bdcc-1b0569d7e0c3,CA2
0cbeae00-e229-4b7d-bdcc-1b0569d7e0c3,CA3
0cbeae00-e229-4b7d-bdcc-1b0569d7e0c3,CP
0cbeae00-e229-4b7d-bdcc-1b0569d7e0c3,EPv
0cbeae00-e229-4b7d-bdcc-1b0569d7e0c3,LA
0cbeae00-e229-4b7d-bdcc-1b0569d7e0c3,LGd
0cbeae00-e229-4b7d-bdcc-1b0569d7e0c3,PIR
0cbeae00-e229-4b7d-bdcc-1b0569d7e0c3,SSp-bfd
0cbeae00-e229-4b7d-bdcc-1b0569d7e0c3,VISrl
0cbeae00-e229-4b7d-bdcc-1b0569d7e0c3,VPL
0cbeae00-e229-4b7d-bdcc-1b0569d7e0c3,VPM
0cbeae00-e229-4b7d-bdcc-1b0569d7e0c3,ZI
6cf2a88a-515b-4f7f-89a2-7d53eab9b5f4,CA1
6cf2a88a-515b-4f7f-89a2-7d53eab9b5f4,CA3
6cf2a88a-515b-4f7f-89a2-7d53eab9b5f4,DG
6cf2a88a-515b-4f7f-89a2-7d53eab9b5f4,LGd
6cf2a88a-515b-4f7f-89a2-7d53eab9b5f4,MG
6cf2a88a-515b-4f7f-89a2-7d53eab9b5f4,PIL
6cf2a88a-515b-4f7f-89a2-7d53eab9b5f4,PoT
6cf2a88a-515b-4f7f-89a2-7d53eab9b5f4,SGN
6cf2a88a-515b-4f7f-89a2-7d53eab9b5f4,SNr
6cf2a88a-515b-4f7f-89a2-7d53eab9b5f4,ZI
5386aba9-9b97-4557-abcd-abc2da66b863,CA1
5386aba9-9b97-4557-abcd-abc2da66b863,CA2
5386aba9-9b97-4557-abcd-abc2da66b863,CA3
5386aba9-9b97-4557-abcd-abc2da66b863,LD
5386aba9-9b97-4557-abcd-abc2da66b863,PO
5386aba9-9b97-4557-abcd-abc2da66b863,VAL
5386aba9-9b97-4557-abcd-abc2da66b863,VM
d7e60cc3-6020-429e-a654-636c6cc677ea,ACAd
d7e60cc3-6020-429e-a654-636c6cc677ea,ACAv
d7e60cc3-6020-429e-a654-636c6cc677ea,DG
d7e60cc3-6020-429e-a654-636c6cc677ea,IG
d7e60cc3-6020-429e-a654-636c6cc677ea,LP
d7e60cc3-6020-429e-a654-636c6cc677ea,LSr
d7e60cc3-6020-429e-a654-636c6cc677ea,LSv
d7e60cc3-6020-429e-a654-636c6cc677ea,MOs
d7e60cc3-6020-429e-a654-636c6cc677ea,PA
d7e60cc3-6020-429e-a654-636c6cc677ea,PO
d7e60cc3-6020-429e-a654-636c6cc677ea,SH
d7e60cc3-6020-429e-a654-636c6cc677ea,STN
d7e60cc3-6020-429e-a654-636c6cc677ea,VPM
d7e60cc3-6020-429e-a654-636c6cc677ea,ZI
f312aaec-3b6f-44b3-86b4-3a0c119c0438,APN
f312aaec-3b6f-44b3-86b4-3a0c119c0438,CA1
f312aaec-3b6f-44b3-86b4-3a0c119c0438,CA3
f312aaec-3b6f-44b3-86b4-3a0c119c0438,DG
f312aaec-3b6f-44b3-86b4-3a0c119c0438,LP
f312aaec-3b6f-44b3-86b4-3a0c119c0438,MRN
f312aaec-3b6f-44b3-86b4-3a0c119c0438,PO
f312aaec-3b6f-44b3-86b4-3a0c119c0438,POL
f312aaec-3b6f-44b3-86b4-3a0c119c0438,VISa
f312aaec-3b6f-44b3-86b4-3a0c119c0438,VISam
9a629642-3a9c-42ed-b70a-532db0e86199,LD
9a629642-3a9c-42ed-b70a-532db0e86199,SSp-ul
9a629642-3a9c-42ed-b70a-532db0e86199,VAL
9a629642-3a9c-42ed-b70a-532db0e86199,VM
aad23144-0e52-4eac-80c5-c4ee2decb198,ACAd
aad23144-0e52-4eac-80c5-c4ee2decb198,ACAv
aad23144-0e52-4eac-80c5-c4ee2decb198,CA1
aad23144-0e52-4eac-80c5-c4ee2decb198,DG
aad23144-0e52-4eac-80c5-c4ee2decb198,DP
aad23144-0e52-4eac-80c5-c4ee2decb198,LP
aad23144-0e52-4eac-80c5-c4ee2decb198,LSr
aad23144-0e52-4eac-80c5-c4ee2decb198,MOs
aad23144-0e52-4eac-80c5-c4ee2decb198,NDB
aad23144-0e52-4eac-80c5-c4ee2decb198,PL
aad23144-0e52-4eac-80c5-c4ee2decb198,PO
aad23144-0e52-4eac-80c5-c4ee2decb198,TTd
aad23144-0e52-4eac-80c5-c4ee2decb198,VISa
aad23144-0e52-4eac-80c5-c4ee2decb198,VPLpc
aad23144-0e52-4eac-80c5-c4ee2decb198,VPM
02fbb6da-3034-47d6-a61b-7d06c796a830,CA1
02fbb6da-3034-47d6-a61b-7d06c796a830,CA3
02fbb6da-3034-47d6-a61b-7d06c796a830,DG
02fbb6da-3034-47d6-a61b-7d06c796a830,LP
02fbb6da-3034-47d6-a61b-7d06c796a830,PO
02fbb6da-3034-47d6-a61b-7d06c796a830,VISa
02fbb6da-3034-47d6-a61b-7d06c796a830,VPM
c02e5155-8e8f-427e-873d-d61490bbb9c3,PAR
c02e5155-8e8f-427e-873d-d61490bbb9c3,PB
c02e5155-8e8f-427e-873d-d61490bbb9c3,PC5
c02e5155-8e8f-427e-873d-d61490bbb9c3,SOC
c02e5155-8e8f-427e-873d-d61490bbb9c3,SUT
e8b4fda3-7fe4-4706-8ec2-91036cfee6bd,CA1
e8b4fda3-7fe4-4706-8ec2-91036cfee6bd,DG
e8b4fda3-7fe4-4706-8ec2-91036cfee6bd,LGd
e8b4fda3-7fe4-4706-8ec2-91036cfee6bd,LP
e8b4fda3-7fe4-4706-8ec2-91036cfee6bd,MG
e8b4fda3-7fe4-4706-8ec2-91036cfee6bd,POST
e8b4fda3-7fe4-4706-8ec2-91036cfee6bd,SNr
e8b4fda3-7fe4-4706-8ec2-91036cfee6bd,VISp
e8b4fda3-7fe4-4706-8ec2-91036cfee6bd,ZI
37bbc17f-8dec-4fa8-97fd-e23a5c6bad1f,NB
37bbc17f-8dec-4fa8-97fd-e23a5c6bad1f,NLL
37bbc17f-8dec-4fa8-97fd-e23a5c6bad1f,SAG
75db708a-9952-4452-a5b1-a851d88f8e28,AD
75db708a-9952-4452-a5b1-a851d88f8e28,AHN
75db708a-9952-4452-a5b1-a851d88f8e28,AM
75db708a-9952-4452-a5b1-a851d88f8e28,AV
75db708a-9952-4452-a5b1-a851d88f8e28,PR
75db708a-9952-4452-a5b1-a851d88f8e28,PVHd
75db708a-9952-4452-a5b1-a851d88f8e28,PeF
75db708a-9952-4452-a5b1-a851d88f8e28,VM
75db708a-9952-4452-a5b1-a851d88f8e28,ZI
2ab7d2c2-bcb7-4ae6-9626-f3786c22d970,BLA
2ab7d2c2-bcb7-4ae6-9626-f3786c22d970,BMA
2ab7d2c2-bcb7-4ae6-9626-f3786c22d970,CEA
2ab7d2c2-bcb7-4ae6-9626-f3786c22d970,LGv
2ab7d2c2-bcb7-4ae6-9626-f3786c22d970,RT
493170a6-fd94-4ee4-884f-cc018c17eeb9,ACB
493170a6-fd94-4ee4-884f-cc018c17eeb9,AId
493170a6-fd94-4ee4-884f-cc018c17eeb9,AIv
493170a6-fd94-4ee4-884f-cc018c17eeb9,CP
493170a6-fd94-4ee4-884f-cc018c17eeb9,MOs
493170a6-fd94-4ee4-884f-cc018c17eeb9,ORBl
493170a6-fd94-4ee4-884f-cc018c17eeb9,OT
493170a6-fd94-4ee4-884f-cc018c17eeb9,PIR
493170a6-fd94-4ee4-884f-cc018c17eeb9,SI
b39752db-abdb-47ab-ae78-e8608bbf50ed,ACB
b39752db-abdb-47ab-ae78-e8608bbf50ed,CA1
b39752db-abdb-47ab-ae78-e8608bbf50ed,CA2
b39752db-abdb-47ab-ae78-e8608bbf50ed,CA3
b39752db-abdb-47ab-ae78-e8608bbf50ed,CL
b39752db-abdb-47ab-ae78-e8608bbf50ed,CP
b39752db-abdb-47ab-ae78-e8608bbf50ed,DG
b39752db-abdb-47ab-ae78-e8608bbf50ed,LP
b39752db-abdb-47ab-ae78-e8608bbf50ed,MD
b39752db-abdb-47ab-ae78-e8608bbf50ed,OT
b39752db-abdb-47ab-ae78-e8608bbf50ed,SI
b39752db-abdb-47ab-ae78-e8608bbf50ed,SSp-ll
b39752db-abdb-47ab-ae78-e8608bbf50ed,SSp-tr
f5591ac5-311d-4fa8-9bad-029d7be9c491,BLA
f5591ac5-311d-4fa8-9bad-029d7be9c491,CP
f5591ac5-311d-4fa8-9bad-029d7be9c491,LA
f5591ac5-311d-4fa8-9bad-029d7be9c491,SSp-bfd
e535fb62-e245-4a48-b119-88ce62a6fe67,APN
e535fb62-e245-4a48-b119-88ce62a6fe67,CA1
e535fb62-e245-4a48-b119-88ce62a6fe67,CEA
e535fb62-e245-4a48-b119-88ce62a6fe67,CP
e535fb62-e245-4a48-b119-88ce62a6fe67,DG
e535fb62-e245-4a48-b119-88ce62a6fe67,GPi
e535fb62-e245-4a48-b119-88ce62a6fe67,MEA
e535fb62-e245-4a48-b119-88ce62a6fe67,MRN
e535fb62-e245-4a48-b119-88ce62a6fe67,POL
e535fb62-e245-4a48-b119-88ce62a6fe67,SI
e535fb62-e245-4a48-b119-88ce62a6fe67,VISp
e535fb62-e245-4a48-b119-88ce62a6fe67,VISpm
931a70ae-90ee-448e-bedb-9d41f3eda647,CA1
931a70ae-90ee-448e-bedb-9d41f3eda647,CA3
931a70ae-90ee-448e-bedb-9d41f3eda647,DG
931a70ae-90ee-448e-bedb-9d41f3eda647,LGd
931a70ae-90ee-448e-bedb-9d41f3eda647,VISrl
931a70ae-90ee-448e-bedb-9d41f3eda647,ZI
be164a14-6e73-42c3-ab60-d29c48693c0f,CA3
be164a14-6e73-42c3-ab60-d29c48693c0f,DG
be164a14-6e73-42c3-ab60-d29c48693c0f,LD
be164a14-6e73-42c3-ab60-d29c48693c0f,LHA
be164a14-6e73-42c3-ab60-d29c48693c0f,PO
be164a14-6e73-42c3-ab60-d29c48693c0f,PSTN
be164a14-6e73-42c3-ab60-d29c48693c0f,VM
be164a14-6e73-42c3-ab60-d29c48693c0f,VPM
be164a14-6e73-42c3-ab60-d29c48693c0f,ZI
f25642c6-27a5-4a97-9ea0-06652db79fbd,AON
f25642c6-27a5-4a97-9ea0-06652db79fbd,DP
f25642c6-27a5-4a97-9ea0-06652db79fbd,LD
f25642c6-27a5-4a97-9ea0-06652db79fbd,ORBm
f25642c6-27a5-4a97-9ea0-06652db79fbd,OT
f25642c6-27a5-4a97-9ea0-06652db79fbd,PL
f25642c6-27a5-4a97-9ea0-06652db79fbd,PO
f25642c6-27a5-4a97-9ea0-06652db79fbd,SSp-ul
b658bc7d-07cd-4203-8a25-7b16b549851b,BST
b658bc7d-07cd-4203-8a25-7b16b549851b,CP
b658bc7d-07cd-4203-8a25-7b16b549851b,LSr
b658bc7d-07cd-4203-8a25-7b16b549851b,LSv
b658bc7d-07cd-4203-8a25-7b16b549851b,MPO
b658bc7d-07cd-4203-8a25-7b16b549851b,SSp-ul
b658bc7d-07cd-4203-8a25-7b16b549851b,VLPO
cef05f87-161b-4031-932c-6f47daf89698,BST
cef05f87-161b-4031-932c-6f47daf89698,LSc
cef05f87-161b-4031-932c-6f47daf89698,LSr
cef05f87-161b-4031-932c-6f47daf89698,MOs
cef05f87-161b-4031-932c-6f47daf89698,SF
cef05f87-161b-4031-932c-6f47daf89698,TRS
4fa70097-8101-4f10-b585-db39429c5ed0,CA2
4fa70097-8101-4f10-b585-db39429c5ed0,CA3
4fa70097-8101-4f10-b585-db39429c5ed0,LD
4fa70097-8101-4f10-b585-db39429c5ed0,LGd
4fa70097-8101-4f10-b585-db39429c5ed0,LP
4fa70097-8101-4f10-b585-db39429c5ed0,PO
4fa70097-8101-4f10-b585-db39429c5ed0,SSp-tr
4fa70097-8101-4f10-b585-db39429c5ed0,SSp-un
4fa70097-8101-4f10-b585-db39429c5ed0,VPM
2584ce3c-db10-4076-89cb-5d313138dd38,ENTl
2584ce3c-db10-4076-89cb-5d313138dd38,ENTm
2584ce3c-db10-4076-89cb-5d313138dd38,VISp
2584ce3c-db10-4076-89cb-5d313138dd38,VISpl
2f63c555-eb74-4d8d-ada5-5c3ecf3b46be,CUL4 5
2f63c555-eb74-4d8d-ada5-5c3ecf3b46be,IRN
2f63c555-eb74-4d8d-ada5-5c3ecf3b46be,PB
2f63c555-eb74-4d8d-ada5-5c3ecf3b46be,SIM
2f63c555-eb74-4d8d-ada5-5c3ecf3b46be,SUT
2f63c555-eb74-4d8d-ada5-5c3ecf3b46be,V
1f095590-6669-46c9-986b-ccaf0620c5e9,CA1
1f095590-6669-46c9-986b-ccaf0620c5e9,DG
1f095590-6669-46c9-986b-ccaf0620c5e9,Eth
1f095590-6669-46c9-986b-ccaf0620c5e9,LP
1f095590-6669-46c9-986b-ccaf0620c5e9,PF
1f095590-6669-46c9-986b-ccaf0620c5e9,PO
1f095590-6669-46c9-986b-ccaf0620c5e9,VM
1f095590-6669-46c9-986b-ccaf0620c5e9,VPMpc
7f150b7c-c261-46e6-9edb-cc391c9d9f03,AD
7f150b7c-c261-46e6-9edb-cc391c9d9f03,AHN
7f150b7c-c261-46e6-9edb-cc391c9d9f03,AM
7f150b7c-c261-46e6-9edb-cc391c9d9f03,AV
7f150b7c-c261-46e6-9edb-cc391c9d9f03,MOp
7f150b7c-c261-46e6-9edb-cc391c9d9f03,PR
7f150b7c-c261-46e6-9edb-cc391c9d9f03,PVHd
7f150b7c-c261-46e6-9edb-cc391c9d9f03,VM
7f150b7c-c261-46e6-9edb-cc391c9d9f03,VMH
7f150b7c-c261-46e6-9edb-cc391c9d9f03,ZI
98e0074c-706a-40e5-bbb5-223f97585a99,IPN
98e0074c-706a-40e5-bbb5-223f97585a99,MRN
98e0074c-706a-40e5-bbb5-223f97585a99,PAR
98e0074c-706a-40e5-bbb5-223f97585a99,PB
98e0074c-706a-40e5-bbb5-223f97585a99,PC5
98e0074c-706a-40e5-bbb5-223f97585a99,RN
98e0074c-706a-40e5-bbb5-223f97585a99,SCm
98e0074c-706a-40e5-bbb5-223f97585a99,SOC
98e0074c-706a-40e5-bbb5-223f97585a99,V
0cf6d255-8f2f-463e-84fb-c54bacb79f51,CA1
0cf6d255-8f2f-463e-84fb-c54bacb79f51,DG
0cf6d255-8f2f-463e-84fb-c54bacb79f51,MG
0cf6d255-8f2f-463e-84fb-c54bacb79f51,PIL
0cf6d255-8f2f-463e-84fb-c54bacb79f51,PP
0cf6d255-8f2f-463e-84fb-c54bacb79f51,VISp
9fc31d79-b56f-46d0-92a0-e9563caf4a7a,DG
9fc31d79-b56f-46d0-92a0-e9563caf4a7a,LH
9fc31d79-b56f-46d0-92a0-e9563caf4a7a,MD
9fc31d79-b56f-46d0-92a0-e9563caf4a7a,MH
9fc31d79-b56f-46d0-92a0-e9563caf4a7a,RSPv
9fc31d79-b56f-46d0-92a0-e9563caf4a7a,VAL
9fc31d79-b56f-46d0-92a0-e9563caf4a7a,VM
94dabed1-741c-4ddd-a6b7-70561e27b750,CL
94dabed1-741c-4ddd-a6b7-70561e27b750,DG
94dabed1-741c-4ddd-a6b7-70561e27b750,DMH
94dabed1-741c-4ddd-a6b7-70561e27b750,LP
94dabed1-741c-4ddd-a6b7-70561e27b750,MD
94dabed1-741c-4ddd-a6b7-70561e27b750,PCN
94dabed1-741c-4ddd-a6b7-70561e27b750,PH
94dabed1-741c-4ddd-a6b7-70561e27b750,VM
94dabed1-741c-4ddd-a6b7-70561e27b750,VPMpc
49250fba-801c-4867-a0a7-a1e19538cb61,CL
49250fba-801c-4867-a0a7-a1e19538cb61,Eth
49250fba-801c-4867-a0a7-a1e19538cb61,LP
49250fba-801c-4867-a0a7-a1e19538cb61,PCN
49250fba-801c-4867-a0a7-a1e19538cb61,PF
49250fba-801c-4867-a0a7-a1e19538cb61,PH
49250fba-801c-4867-a0a7-a1e19538cb61,PMd
49250fba-801c-4867-a0a7-a1e19538cb61,PMv
49250fba-801c-4867-a0a7-a1e19538cb61,VM
49250fba-801c-4867-a0a7-a1e19538cb61,VPMpc
e6de6c35-1508-4471-b7c3-f12a5c7a6d39,CUN
e6de6c35-1508-4471-b7c3-f12a5c7a6d39,IC
e6de6c35-1508-4471-b7c3-f12a5c7a6d39,PB
e6de6c35-1508-4471-b7c3-f12a5c7a6d39,PRNc
e6de6c35-1508-4471-b7c3-f12a5c7a6d39,RM
7f5df7eb-cf36-4589-a20a-14b535441142,AUDd
7f5df7eb-cf36-4589-a20a-14b535441142,AUDv
7f5df7eb-cf36-4589-a20a-14b535441142,SSp-bfd
7f5df7eb-cf36-4589-a20a-14b535441142,SSs
7f5df7eb-cf36-4589-a20a-14b535441142,TEa
1a507308-c63a-4e02-8f32-3239a07dc578,CA1
1a507308-c63a-4e02-8f32-3239a07dc578,CA2
1a507308-c63a-4e02-8f32-3239a07dc578,CA3
1a507308-c63a-4e02-8f32-3239a07dc578,DG
1a507308-c63a-4e02-8f32-3239a07dc578,Eth
1a507308-c63a-4e02-8f32-3239a07dc578,LD
1a507308-c63a-4e02-8f32-3239a07dc578,LGd
1a507308-c63a-4e02-8f32-3239a07dc578,LP
1a507308-c63a-4e02-8f32-3239a07dc578,MG
1a507308-c63a-4e02-8f32-3239a07dc578,PO
1a507308-c63a-4e02-8f32-3239a07dc578,SNr
1a507308-c63a-4e02-8f32-3239a07dc578,SSp-bfd
1a507308-c63a-4e02-8f32-3239a07dc578,SSp-tr
1a507308-c63a-4e02-8f32-3239a07dc578,VPM
1a507308-c63a-4e02-8f32-3239a07dc578,ZI
e6bdb1f4-b0bf-4451-8f23-4384f2102f91,MRN
e6bdb1f4-b0bf-4451-8f23-4384f2102f91,PG
e6bdb1f4-b0bf-4451-8f23-4384f2102f91,PPN
e6bdb1f4-b0bf-4451-8f23-4384f2102f91,PRNr
e6bdb1f4-b0bf-4451-8f23-4384f2102f91,TRN
28741f91-c837-4147-939e-918d38d849f2,ACAd
28741f91-c837-4147-939e-918d38d849f2,CP
28741f91-c837-4147-939e-918d38d849f2,DP
28741f91-c837-4147-939e-918d38d849f2,GPe
28741f91-c837-4147-939e-918d38d849f2,ILA
28741f91-c837-4147-939e-918d38d849f2,MOs
28741f91-c837-4147-939e-918d38d849f2,PL
28741f91-c837-4147-939e-918d38d849f2,SSp-ul
28741f91-c837-4147-939e-918d38d849f2,TTd
bd456d8f-d36e-434a-8051-ff3997253802,ACB
bd456d8f-d36e-434a-8051-ff3997253802,CP
bd456d8f-d36e-434a-8051-ff3997253802,MD
bd456d8f-d36e-434a-8051-ff3997253802,MH
bd456d8f-d36e-434a-8051-ff3997253802,MOp
bd456d8f-d36e-434a-8051-ff3997253802,PCN
bd456d8f-d36e-434a-8051-ff3997253802,RSPv
bd456d8f-d36e-434a-8051-ff3997253802,SMT
71e03be6-b497-4991-a121-9416dcc1a6e7,AM
71e03be6-b497-4991-a121-9416dcc1a6e7,DG
71e03be6-b497-4991-a121-9416dcc1a6e7,IAD
71e03be6-b497-4991-a121-9416dcc1a6e7,MD
71e03be6-b497-4991-a121-9416dcc1a6e7,MH
71e03be6-b497-4991-a121-9416dcc1a6e7,PR
71e03be6-b497-4991-a121-9416dcc1a6e7,PVHd
71e03be6-b497-4991-a121-9416dcc1a6e7,PeF
71e03be6-b497-4991-a121-9416dcc1a6e7,RSPv
71e03be6-b497-4991-a121-9416dcc1a6e7,VM
71e03be6-b497-4991-a121-9416dcc1a6e7,ZI
ab8a0899-a59f-42e4-8807-95b14056104b,CM
ab8a0899-a59f-42e4-8807-95b14056104b,DMH
ab8a0899-a59f-42e4-8807-95b14056104b,MD
ab8a0899-a59f-42e4-8807-95b14056104b,PCN
ab8a0899-a59f-42e4-8807-95b14056104b,SMT
ab8a0899-a59f-42e4-8807-95b14056104b,VMH
a71175be-d1fd-47a3-aa93-b830ea3634a1,APr
a71175be-d1fd-47a3-aa93-b830ea3634a1,MRN
a71175be-d1fd-47a3-aa93-b830ea3634a1,PRNr
a71175be-d1fd-47a3-aa93-b830ea3634a1,RSPagl
a71175be-d1fd-47a3-aa93-b830ea3634a1,RSPd
a71175be-d1fd-47a3-aa93-b830ea3634a1,SCm
a71175be-d1fd-47a3-aa93-b830ea3634a1,SCs
a71175be-d1fd-47a3-aa93-b830ea3634a1,VISp
a4000c2f-fa75-4b3e-8f06-a7cf599b87ad,ACAd
a4000c2f-fa75-4b3e-8f06-a7cf599b87ad,ACAv
a4000c2f-fa75-4b3e-8f06-a7cf599b87ad,COAp
a4000c2f-fa75-4b3e-8f06-a7cf599b87ad,LP
a4000c2f-fa75-4b3e-8f06-a7cf599b87ad,LSc
a4000c2f-fa75-4b3e-8f06-a7cf599b87ad,LSr
a4000c2f-fa75-4b3e-8f06-a7cf599b87ad,MEA
a4000c2f-fa75-4b3e-8f06-a7cf599b87ad,MOs
a4000c2f-fa75-4b3e-8f06-a7cf599b87ad,MS
a4000c2f-fa75-4b3e-8f06-a7cf599b87ad,PA
a4000c2f-fa75-4b3e-8f06-a7cf599b87ad,PO
a4000c2f-fa75-4b3e-8f06-a7cf599b87ad,VPL
a4000c2f-fa75-4b3e-8f06-a7cf599b87ad,VPM
a4000c2f-fa75-4b3e-8f06-a7cf599b87ad,ZI
cc45c568-c3b9-4f74-836e-c87762e898c8,ACAd
cc45c568-c3b9-4f74-836e-c87762e898c8,ACAv
cc45c568-c3b9-4f74-836e-c87762e898c8,APN
cc45c568-c3b9-4f74-836e-c87762e898c8,CA3
cc45c568-c3b9-4f74-836e-c87762e898c8,DG
cc45c568-c3b9-4f74-836e-c87762e898c8,Eth
cc45c568-c3b9-4f74-836e-c87762e898c8,IG
cc45c568-c3b9-4f74-836e-c87762e898c8,LSr
cc45c568-c3b9-4f74-836e-c87762e898c8,PoT
cc45c568-c3b9-4f74-836e-c87762e898c8,SNr
cc45c568-c3b9-4f74-836e-c87762e898c8,SPF
cc45c568-c3b9-4f74-836e-c87762e898c8,ZI
62902992-8432-46fb-af12-6392012e58c7,AD
62902992-8432-46fb-af12-6392012e58c7,AM
62902992-8432-46fb-af12-6392012e58c7,AV
62902992-8432-46fb-af12-6392012e58c7,IAD
62902992-8432-46fb-af12-6392012e58c7,MOp
62902992-8432-46fb-af12-6392012e58c7,PR
62902992-8432-46fb-af12-6392012e58c7,ZI
